review,category
This product is absolutely fantastic! I love everything about it.,Electronics
Best purchase I have ever made. Highly recommend to everyone.,Electronics
The quality is outstanding and delivery was super fast.,Clothing
Amazing customer service. They went above and beyond to help me.,Service
I am so happy with this product. It exceeded all my expectations.,Home
Wonderful experience from start to finish. Will definitely buy again.,Service
The food was delicious and the atmosphere was very welcoming.,Restaurant
Excellent build quality. Worth every penny spent on it.,Electronics
Terrible product. Broke after just two days of use.,Electronics
Worst customer service I have ever experienced. Very disappointing.,Service
The item arrived damaged and smelled awful. Requesting a refund.,Clothing
Complete waste of money. Does not work as advertised at all.,Electronics
Very poor quality. I expected much better for this price.,Home
Awful experience. The staff was rude and unhelpful throughout.,Restaurant
Do not buy this. It stopped working after one week.,Electronics
Extremely disappointed. The product looks nothing like the pictures.,Clothing
The product arrived on time. It is okay for the price.,Home
Decent quality. Nothing special but it does the job.,Electronics
The package was delivered. Product matches the description.,Clothing
It is a standard product. Works as expected nothing more.,Home
Average experience. The food was neither good nor bad.,Restaurant
The product is good but the shipping took way too long.,Electronics
Great price but the quality could definitely be improved.,Clothing
Customer service was excellent but the product itself disappointed me.,Service
Good overall but I wish the instructions were clearer.,Home
