index,original_text,sentiment,polarity,subjectivity,intensity,subjectivity_label,word_count,interpretation
1,This product is absolutely fantastic! I love everything about it.,Positive,0.45,0.75,Moderate,Subjective,10,"The text expresses a moderate positive sentiment (polarity: +0.4500). It is highly subjective (subjectivity: 0.7500), meaning it is opinion-based rather than factual."
2,Best purchase I have ever made. Highly recommend to everyone.,Positive,0.58,0.42,Strong,Balanced,10,The text expresses a strong positive sentiment (polarity: +0.5800). It has a balanced mix of opinion and fact (subjectivity: 0.4200).
3,The quality is outstanding and delivery was super fast.,Positive,0.3444,0.7139,Moderate,Subjective,9,"The text expresses a moderate positive sentiment (polarity: +0.3444). It is highly subjective (subjectivity: 0.7139), meaning it is opinion-based rather than factual."
4,Amazing customer service. They went above and beyond to help me.,Positive,0.3,0.5,Moderate,Balanced,11,The text expresses a moderate positive sentiment (polarity: +0.3000). It has a balanced mix of opinion and fact (subjectivity: 0.5000).
5,I am so happy with this product. It exceeded all my expectations.,Positive,0.8,1.0,Strong,Subjective,12,"The text expresses a strong positive sentiment (polarity: +0.8000). It is highly subjective (subjectivity: 1.0000), meaning it is opinion-based rather than factual."
6,Wonderful experience from start to finish. Will definitely buy again.,Positive,0.5,0.75,Strong,Subjective,10,"The text expresses a strong positive sentiment (polarity: +0.5000). It is highly subjective (subjectivity: 0.7500), meaning it is opinion-based rather than factual."
7,The food was delicious and the atmosphere was very welcoming.,Positive,0.6,0.65,Strong,Subjective,10,"The text expresses a strong positive sentiment (polarity: +0.6000). It is highly subjective (subjectivity: 0.6500), meaning it is opinion-based rather than factual."
8,Excellent build quality. Worth every penny spent on it.,Positive,0.4,0.4,Moderate,Balanced,9,The text expresses a moderate positive sentiment (polarity: +0.4000). It has a balanced mix of opinion and fact (subjectivity: 0.4000).
9,Terrible product. Broke after just two days of use.,Negative,-1.0,1.0,Strong,Subjective,9,"The text expresses a strong negative sentiment (polarity: -1.0000). It is highly subjective (subjectivity: 1.0000), meaning it is opinion-based rather than factual."
10,Worst customer service I have ever experienced. Very disappointing.,Negative,-0.3267,0.9367,Moderate,Subjective,9,"The text expresses a moderate negative sentiment (polarity: -0.3267). It is highly subjective (subjectivity: 0.9367), meaning it is opinion-based rather than factual."
11,The item arrived damaged and smelled awful. Requesting a refund.,Negative,-1.0,1.0,Strong,Subjective,10,"The text expresses a strong negative sentiment (polarity: -1.0000). It is highly subjective (subjectivity: 1.0000), meaning it is opinion-based rather than factual."
12,Complete waste of money. Does not work as advertised at all.,Neutral,-0.05,0.2,Mild,Objective,11,"The text expresses a neutral sentiment (polarity: -0.0500), showing neither clear positivity nor negativity. It is largely objective (subjectivity: 0.2000), suggesting factual or neutral language."
13,Very poor quality. I expected much better for this price.,Neutral,-0.04,0.56,Mild,Balanced,10,"The text expresses a neutral sentiment (polarity: -0.0400), showing neither clear positivity nor negativity. It has a balanced mix of opinion and fact (subjectivity: 0.5600)."
14,Awful experience. The staff was rude and unhelpful throughout.,Negative,-0.65,0.8,Strong,Subjective,9,"The text expresses a strong negative sentiment (polarity: -0.6500). It is highly subjective (subjectivity: 0.8000), meaning it is opinion-based rather than factual."
15,Do not buy this. It stopped working after one week.,Neutral,0.0,0.0,Mild,Objective,10,"The text expresses a neutral sentiment (polarity: +0.0000), showing neither clear positivity nor negativity. It is largely objective (subjectivity: 0.0000), suggesting factual or neutral language."
16,Extremely disappointed. The product looks nothing like the pictures.,Negative,-0.75,0.75,Strong,Subjective,9,"The text expresses a strong negative sentiment (polarity: -0.7500). It is highly subjective (subjectivity: 0.7500), meaning it is opinion-based rather than factual."
17,The product arrived on time. It is okay for the price.,Positive,0.5,0.5,Strong,Balanced,11,The text expresses a strong positive sentiment (polarity: +0.5000). It has a balanced mix of opinion and fact (subjectivity: 0.5000).
18,Decent quality. Nothing special but it does the job.,Positive,0.2619,0.619,Moderate,Subjective,9,"The text expresses a moderate positive sentiment (polarity: +0.2619). It is highly subjective (subjectivity: 0.6190), meaning it is opinion-based rather than factual."
19,The package was delivered. Product matches the description.,Neutral,0.0,0.0,Mild,Objective,8,"The text expresses a neutral sentiment (polarity: +0.0000), showing neither clear positivity nor negativity. It is largely objective (subjectivity: 0.0000), suggesting factual or neutral language."
20,It is a standard product. Works as expected nothing more.,Positive,0.1333,0.3,Mild,Balanced,10,The text expresses a mild positive sentiment (polarity: +0.1333). It has a balanced mix of opinion and fact (subjectivity: 0.3000).
21,Average experience. The food was neither good nor bad.,Neutral,-0.05,0.5556,Mild,Balanced,9,"The text expresses a neutral sentiment (polarity: -0.0500), showing neither clear positivity nor negativity. It has a balanced mix of opinion and fact (subjectivity: 0.5556)."
22,The product is good but the shipping took way too long.,Positive,0.325,0.5,Moderate,Balanced,11,The text expresses a moderate positive sentiment (polarity: +0.3250). It has a balanced mix of opinion and fact (subjectivity: 0.5000).
23,Great price but the quality could definitely be improved.,Positive,0.4,0.625,Moderate,Subjective,9,"The text expresses a moderate positive sentiment (polarity: +0.4000). It is highly subjective (subjectivity: 0.6250), meaning it is opinion-based rather than factual."
24,Customer service was excellent but the product itself disappointed me.,Positive,0.125,0.875,Mild,Subjective,10,"The text expresses a mild positive sentiment (polarity: +0.1250). It is highly subjective (subjectivity: 0.8750), meaning it is opinion-based rather than factual."
25,Good overall but I wish the instructions were clearer.,Positive,0.35,0.3,Moderate,Balanced,9,The text expresses a moderate positive sentiment (polarity: +0.3500). It has a balanced mix of opinion and fact (subjectivity: 0.3000).
